Date,channel_id,daily_avg,daily_min,daily_max
2020-01-01,509,12.361961,10.0514965,13.949504
2020-01-02,509,11.82606,9.450876,13.96697
2020-01-03,509,11.624332,9.677586,13.8022995
2020-01-04,509,11.761055,9.863057,14.216911
2020-01-05,509,11.593967,9.289598,14.0682335
2020-01-06,509,11.588861,8.936909,14.3130245
2020-01-07,509,11.879071,9.021658,14.6881695
2020-01-08,509,12.165352,8.982848,15.115473
2020-01-09,509,12.414441,8.840271,15.513417
2020-01-10,509,12.328324,8.680693,15.573347
2020-01-11,509,12.437471,8.797557,15.556886
2020-01-12,509,12.376794,8.779693,15.530136
2020-01-13,509,12.360859,8.794425,15.257575
2020-01-14,509,12.2886095,9.042992,14.781847
2020-01-15,509,12.054491,8.9021435,14.268591
2020-01-16,509,12.423845,9.087698,14.894862
2020-01-17,509,11.9521055,9.729685,14.821196
2020-01-18,509,11.675045,9.3045635,14.683998
2020-01-19,509,11.774041,9.096792,14.8171425
2020-01-20,509,12.171052,9.259723,15.25491
2020-01-21,509,12.477142,9.362903,15.547268
2020-01-22,509,12.386466,8.998518,15.428927
2020-01-23,509,12.280629,8.899502,15.316446
2020-01-24,509,12.406158,9.035925,15.412912
2020-01-25,509,12.453022,9.130677,15.310429
2020-01-26,509,12.476966,9.212371,15.143127
2020-01-27,509,12.226424,9.055195,14.6830635
2020-01-28,509,12.076778,9.062517,14.279295
2020-01-29,509,12.008274,9.160117,13.991346
2020-01-30,509,11.851458,9.337309,14.024157
2020-01-31,509,11.737555,9.562395,13.913382
2020-02-01,509,11.722131,10.01741,13.771582
2020-02-02,509,12.101458,10.188735,14.422722
2020-02-03,509,11.887994,9.308765,14.275963
2020-02-04,509,11.791412,8.899006,14.30813
2020-02-05,509,12.083768,8.959206,14.797085
2020-02-06,509,12.238338,8.931407,15.165973
2020-02-07,509,12.432054,9.007893,15.537569
2020-02-08,509,12.531974,9.042847,15.805822
2020-02-09,509,12.246283,8.581123,15.251436
2020-02-10,509,12.253869,8.915308,15.475204
2020-02-11,509,12.265356,9.077417,15.128816
2020-02-12,509,12.234625,9.084428,14.68852
2020-02-13,509,12.223957,9.331569,14.814817
2020-02-14,509,12.2949095,9.929446,14.773992
2020-02-15,509,12.070568,9.592386,14.94756
2020-02-16,509,12.068591,9.3994,14.798382
2020-02-17,509,12.024189,9.081856,14.778919
2020-02-18,509,12.064298,9.000809,14.77849
2020-02-19,509,12.145498,8.966865,14.911863
2020-02-20,509,12.161939,8.954159,14.949853
2020-02-21,509,12.203403,9.086813,14.997257
2020-02-22,509,12.425366,9.415354,15.261831
2020-02-23,509,12.202485,9.016493,14.75653
2020-02-24,509,11.801199,8.934259,14.310179
2020-02-25,509,11.7099085,9.020031,14.035933
2020-02-26,509,11.710975,9.3186035,13.787809
2020-02-27,509,11.7509,9.670574,13.882565
2020-02-28,509,11.899992,9.872769,13.975578
2020-02-29,509,12.133649,10.171431,14.174806
2020-03-01,509,11.945312,9.84626,14.065811
2020-03-02,509,11.789882,9.438305,13.67658
2020-03-03,509,11.998708,9.36978,14.036882
2020-03-04,509,12.099099,9.140419,14.31934
2020-03-05,509,12.401912,9.364673,15.01473
2020-03-06,509,12.506729,9.3490715,15.281673
2020-03-07,509,12.500036,9.233013,15.424654
2020-03-08,509,12.331577,9.130031,15.415321
2020-03-09,509,12.212343,9.112462,15.19567
2020-03-10,509,12.196926,9.373364,15.069728
2020-03-11,509,12.272703,9.657986,14.822781
2020-03-12,509,12.392849,9.74202,15.025442
2020-03-13,509,12.774045,10.064708,15.550972
2020-03-14,509,12.615193,9.743317,15.556517
2020-03-15,509,12.597019,9.773263,15.488405
2020-03-16,509,12.33675,9.272423,14.6938715
2020-03-17,509,12.266544,9.174285,14.613168
2020-03-18,509,12.35777,9.33708,14.764816
2020-03-19,509,12.25648,9.208484,14.738836
2020-03-20,509,12.071278,9.046604,14.546787
2020-03-21,509,12.071177,9.210087,14.628733
2020-03-22,509,12.032057,9.327876,14.543148
2020-03-23,509,12.222415,9.640961,14.672018
2020-03-24,509,12.115988,9.725422,14.443981
2020-03-25,509,12.06465,9.752206,14.393274
2020-03-26,509,12.029922,9.571949,14.473037
2020-03-27,509,11.927349,9.338139,14.372147
2020-03-28,509,11.833553,9.179999,14.324189
2020-03-29,509,11.865233,9.147488,14.246139
2020-03-30,509,11.872007,9.089055,14.197182
2020-03-31,509,11.91737,9.024616,13.996817
2020-04-01,509,12.016723,9.028518,14.171475
2020-04-02,509,11.73994,8.609184,13.921415
2020-04-03,509,11.721811,8.596634,14.103706
2020-04-04,509,12.015709,9.045123,14.629678
2020-04-05,509,12.391242,9.399757,15.233862
2020-04-06,509,12.252995,9.245214,15.051067
2020-04-07,509,12.088174,9.40989,14.857682
2020-04-08,509,12.311416,9.461931,15.115339
2020-04-09,509,12.332823,9.289325,15.563173
2020-04-10,509,12.3711815,9.086506,15.522184
2020-04-11,509,12.530498,9.181067,15.646353
2020-04-12,509,12.5576935,9.125614,15.536391
2020-04-13,509,12.438416,9.116387,15.15115
2020-04-14,509,12.140666,8.831867,14.461575
2020-04-15,509,12.101482,9.012332,14.221244
2020-04-16,509,12.2199135,9.344619,14.433079
2020-04-17,509,12.333999,9.584761,14.546842
2020-04-18,509,12.170971,9.431053,14.5732765
2020-04-19,509,12.046686,9.548131,14.483066
2020-04-20,509,12.073886,9.808821,14.620391
2020-04-21,509,11.909267,9.628845,14.431551
2020-04-22,509,11.792471,9.236092,14.329334
2020-04-23,509,11.794704,9.035352,14.378021
2020-04-24,509,11.831646,8.902295,14.464807
2020-04-25,509,11.9367075,8.860743,14.484228
2020-04-26,509,12.127903,9.029265,14.6416855
2020-04-27,509,12.142442,8.968567,14.675951
2020-04-28,509,12.091216,8.865012,14.390558
2020-04-29,509,12.220587,9.071277,14.329603
2020-04-30,509,12.061802,8.876714,14.089369
2020-05-01,509,11.827358,8.662587,13.781052
2020-05-02,509,11.762941,8.795876,13.926432
2020-05-03,509,11.667373,8.816215,14.146564
2020-05-04,509,11.65077,9.023188,14.292644
2020-05-05,509,11.809535,9.268618,14.48373
2020-05-06,509,11.771284,8.924955,14.926453
2020-05-07,509,11.902901,8.638926,14.99314
2020-05-08,509,12.215597,8.783978,15.370169
2020-05-09,509,12.586646,9.031109,15.650933
2020-05-10,509,12.771403,9.281586,15.740604
2020-05-11,509,12.805906,9.355794,15.569521
2020-05-12,509,12.611439,9.218351,15.268829
2020-05-13,509,12.290202,8.649963,14.4820385
2020-05-14,509,11.994541,8.713753,14.1626835
2020-05-15,509,11.9033575,8.634436,14.329807
2020-05-16,509,11.965182,9.491166,14.633966
2020-05-17,509,12.177508,9.887096,15.110462
2020-05-18,509,12.236823,9.325262,15.087664
2020-05-19,509,12.186169,9.095644,15.12072
2020-05-20,509,12.086416,8.802726,15.197113
2020-05-21,509,12.201687,8.285468,15.133501
2020-05-22,509,12.311916,8.463711,15.510719
2020-05-23,509,12.296688,8.381741,15.525312
2020-05-24,509,12.365415,8.542374,15.684734
2020-05-25,509,12.398998,8.654718,15.609264
2020-05-26,509,12.467724,8.823968,15.543145
2020-05-27,509,12.542575,9.050729,15.352697
2020-05-28,509,12.599907,9.316227,14.976523
2020-05-29,509,12.715772,9.724306,14.701211
2020-05-30,509,12.312122,9.359206,14.185715
2020-05-31,509,12.1269,9.62668,14.391462
2020-06-01,509,12.117242,9.939544,14.608394
2020-06-02,509,12.103981,9.973376,14.88629
2020-06-03,509,12.1941185,9.598059,15.056084
2020-06-04,509,12.415429,9.324868,15.36647
2020-06-05,509,12.850187,9.504061,15.890658
2020-06-06,509,12.8792,9.400636,16.183262
2020-06-07,509,12.52143,8.998263,15.75291
2020-06-08,509,12.161368,8.5883,15.149473
2020-06-09,509,12.04996,8.582782,14.670844
2020-06-10,509,12.04381,8.693534,14.323488
2020-06-11,509,12.0390005,8.827218,13.957785
2020-06-12,509,11.943907,9.07953,13.956127
2020-06-13,509,11.756238,9.334345,13.934271
2020-06-14,509,11.675085,9.689825,14.158272
2020-06-15,509,11.822521,9.9923,14.483408
2020-06-16,509,11.859607,9.703208,14.462473
2020-06-17,509,11.832841,9.173059,14.702051
2020-06-18,509,12.102183,9.0750265,15.139751
2020-06-19,509,12.529296,9.347795,15.330512
2020-06-20,509,12.557044,9.406993,15.486929
2020-06-21,509,12.413702,9.076723,15.412865
2020-06-22,509,12.5390005,9.111778,15.38349
2020-06-23,509,12.63291,9.265673,15.498184
2020-06-24,509,12.643179,9.128326,15.379003
2020-06-25,509,12.645371,9.235156,15.110937
2020-06-26,509,12.6191225,9.384359,14.868572
2020-06-27,509,12.55978,9.605443,14.659445
2020-06-28,509,12.397607,9.825729,14.686583
2020-06-29,509,12.142719,9.937071,14.808596
2020-06-30,509,12.085499,9.690638,15.085375
2020-07-01,509,12.332416,9.365249,15.589192
2020-07-02,509,12.645934,9.570345,15.839378
2020-07-03,509,12.567772,9.271929,15.841554
2020-07-04,509,12.362012,8.981415,15.692389
2020-07-05,509,12.367903,8.922085,15.508491
2020-07-06,509,12.411979,8.95155,15.500035
2020-07-07,509,12.256988,8.821779,15.191798
2020-07-08,509,12.382579,9.001705,14.849878
2020-07-09,509,12.472947,9.191536,14.737291
2020-07-10,509,12.28176,9.3922615,14.121822
2020-07-11,509,12.073444,9.419559,14.115398
2020-07-12,509,12.08725,10.086409,14.367397
2020-07-13,509,12.317387,10.744005,14.687227
2020-07-14,509,12.463259,10.4942665,14.903646
2020-07-15,509,12.603795,10.151885,15.202977
2020-07-16,509,12.738958,9.95043,15.433131
2020-07-17,509,12.787389,9.825653,15.645834
2020-07-18,509,12.819557,9.590891,15.683735
2020-07-19,509,12.8451395,9.536097,15.743204
2020-07-20,509,12.8391285,9.528705,15.903888
2020-07-21,509,12.799477,9.398962,15.884388
2020-07-22,509,12.858311,9.5033655,15.754694
2020-07-23,509,12.632743,9.553721,15.337542
2020-07-24,509,12.607073,9.464398,15.135091
2020-07-25,509,12.54093,9.531413,14.72687
2020-07-26,509,12.507044,9.818653,14.908292
2020-07-27,509,12.515706,10.363757,15.15448
2020-07-28,509,12.55228,10.155326,15.361172
2020-07-29,509,12.604258,9.848629,15.511397
2020-07-30,509,12.594098,9.621316,15.619255
2020-07-31,509,12.547352,9.428231,15.565418
2020-08-01,509,12.4749565,9.233292,15.558058
2020-08-02,509,12.476818,9.129191,15.600843
2020-08-03,509,12.423368,9.136759,15.450318
2020-08-04,509,12.435947,9.203252,15.336705
2020-08-05,509,12.383245,9.319015,15.101025
2020-08-06,509,12.297421,9.418779,14.794584
2020-08-07,509,12.263429,9.53122,14.419167
2020-08-08,509,12.302212,9.819134,14.274191
2020-08-09,509,12.253833,9.984217,14.375284
2020-08-10,509,12.411579,10.797201,14.61117
2020-08-11,509,12.541727,10.736919,14.702015
2020-08-12,509,12.498593,10.428029,14.70158
2020-08-13,509,12.4830065,9.992404,14.867672
2020-08-14,509,12.453995,9.617882,15.094145
2020-08-15,509,12.5265465,9.5204115,15.354374
2020-08-16,509,12.517951,9.40852,15.451872
2020-08-17,509,12.462224,9.269381,15.461199
2020-08-18,509,12.380719,9.141134,15.465854
2020-08-19,509,12.372129,9.161899,15.456001
2020-08-20,509,12.462208,9.372339,15.336223
2020-08-21,509,12.524769,9.557516,15.197243
2020-08-22,509,12.463337,9.59236,14.731589
2020-08-23,509,12.513557,10.035946,14.970161
2020-08-24,509,12.60667,10.3354,15.254107
2020-08-25,509,12.766843,10.346075,15.436387
2020-08-26,509,12.908367,10.203281,15.466652
2020-08-27,509,12.847392,9.995697,15.439297
2020-08-28,509,12.831417,9.765307,15.595619
2020-08-29,509,12.802229,9.781063,15.518486
2020-08-30,509,12.657727,9.653637,15.465246
2020-08-31,509,12.679604,9.6222,15.407547
2020-09-01,509,12.733656,9.882927,15.487586
2020-09-02,509,12.627752,9.985524,15.274895
2020-09-03,509,12.479034,9.914209,14.908598
2020-09-04,509,12.32983,9.89907,14.56064
2020-09-05,509,12.11432,9.869777,14.186306
2020-09-06,509,12.141758,10.146152,14.251306
2020-09-07,509,12.343868,10.193366,14.463047
2020-09-08,509,12.604737,10.537254,14.73674
2020-09-09,509,12.654621,10.385341,14.638041
2020-09-10,509,12.483196,10.071338,14.449024
2020-09-11,509,12.4404955,9.745106,14.716609
2020-09-12,509,12.52382,9.606304,15.059582
2020-09-13,509,12.635876,9.605715,15.3631935
2020-09-14,509,12.535523,9.581286,15.365892
2020-09-15,509,12.32497,9.306036,15.346179
2020-09-16,509,12.265291,9.298338,15.330147
2020-09-17,509,12.310143,9.434166,15.273985
2020-09-18,509,12.389462,9.657431,15.143154
2020-09-19,509,12.401827,9.714394,15.103746
2020-09-20,509,12.421623,9.700165,15.281225
2020-09-21,509,12.513942,9.575341,15.389677
2020-09-22,509,12.453331,9.651708,15.176138
2020-09-23,509,12.366598,9.411784,14.939616
2020-09-24,509,12.3426285,9.332268,14.707405
2020-09-25,509,12.259604,9.416613,14.522516
2020-09-26,509,12.015859,9.074729,14.371731
2020-09-27,509,11.980818,9.148366,14.458027
2020-09-28,509,12.003889,9.253142,14.460186
2020-09-29,509,12.078052,9.490507,14.532491
2020-09-30,509,11.955201,9.488899,14.38451
2020-10-01,509,12.006649,9.720716,14.226721
2020-10-02,509,12.078857,9.995745,14.312815
2020-10-03,509,12.191907,9.914939,14.510408
2020-10-04,509,12.234375,9.791278,14.533019
2020-10-05,509,12.197254,9.634156,14.462514
2020-10-06,509,12.280301,9.631182,14.502283
2020-10-07,509,12.516924,9.682918,14.652521
2020-10-08,509,12.617264,9.824597,14.544865
2020-10-09,509,12.476166,9.767973,14.395327
2020-10-10,509,12.361036,9.591372,14.329575
2020-10-11,509,12.102121,9.324096,14.228219
2020-10-12,509,11.892848,8.942121,14.468588
2020-10-13,509,11.93996,9.113754,14.62187
2020-10-14,509,11.87897,9.209177,14.583586
2020-10-15,509,11.909215,9.273994,14.679437
2020-10-16,509,12.107586,9.51486,15.047434
2020-10-17,509,12.371738,9.313241,15.488438
2020-10-18,509,12.570292,9.336853,15.716972
2020-10-19,509,12.701519,9.345539,15.803972
2020-10-20,509,12.741116,9.254396,15.680128
2020-10-21,509,12.817668,9.3239,15.552069
2020-10-22,509,12.869753,9.5263405,15.3533745
2020-10-23,509,12.778428,9.693468,14.958521
2020-10-24,509,12.644972,9.679659,14.778269
2020-10-25,509,12.551551,9.952939,14.677723
2020-10-26,509,12.05936,9.536421,14.283878
2020-10-27,509,11.970404,9.569042,14.343538
2020-10-28,509,12.004522,9.823193,14.489061
2020-10-29,509,12.060505,9.815243,14.586086
2020-10-30,509,12.134146,9.667315,14.7649975
2020-10-31,509,12.170309,9.488131,14.846739
2020-11-01,509,12.175431,9.362717,14.822046
2020-11-02,509,12.347632,9.3692,14.999332
2020-11-03,509,12.60754,9.590996,15.218223
2020-11-04,509,12.518935,9.37071,14.916502
2020-11-05,509,12.439684,9.240569,14.8110485
2020-11-06,509,12.842811,9.607994,15.013596
2020-11-07,509,12.7316885,9.953455,14.638201
2020-11-08,509,12.347821,9.591037,14.03302
2020-11-09,509,11.837974,9.029163,13.874386
2020-11-10,509,11.651948,8.871846,13.969219
2020-11-11,509,11.7174425,9.238686,14.315528
2020-11-12,509,11.779256,9.41206,14.684294
2020-11-13,509,12.050431,9.566455,15.209892
2020-11-14,509,12.029783,8.909764,15.347946
2020-11-15,509,12.069477,8.716781,15.488802
2020-11-16,509,12.204723,8.75854,15.539991
2020-11-17,509,12.8089285,9.350442,15.950623
2020-11-18,509,12.816064,9.302112,15.746265
2020-11-19,509,12.30222,8.972118,14.900078
2020-11-20,509,11.965217,8.6539545,14.290899
2020-11-21,509,11.775587,8.611622,13.776329
2020-11-22,509,11.723366,8.754896,13.945374
2020-11-23,509,11.728052,9.147719,14.169692
2020-11-24,509,11.643987,9.346899,14.187854
2020-11-25,509,11.6517105,9.658183,14.397709
2020-11-26,509,11.502469,9.18227,14.29422
2020-11-27,509,11.649323,9.046298,14.534607
2020-11-28,509,11.73852,8.90546,14.557835
2020-11-29,509,11.924512,8.925524,14.752053
2020-11-30,509,11.981937,8.821271,14.7568245
2020-12-01,509,12.012987,8.766983,14.841211
2020-12-02,509,12.090535,8.773573,14.808882
2020-12-03,509,12.023239,8.670876,14.575903
2020-12-04,509,11.976368,8.598957,14.450914
2020-12-05,509,12.016972,8.772019,14.292885
2020-12-06,509,11.857712,8.740757,13.857389
2020-12-07,509,11.666959,8.725537,13.543612
2020-12-08,509,11.6374855,8.893169,13.948106
2020-12-09,509,11.5899515,9.13662,14.222328
2020-12-10,509,11.782134,9.556111,14.804893
2020-12-11,509,11.783176,9.123484,14.990477
2020-12-12,509,11.955692,8.80993,15.180867
2020-12-13,509,12.158386,8.860834,15.721539
2020-12-14,509,12.2646675,8.588535,15.72205
2020-12-15,509,12.186661,8.409813,15.595026
2020-12-16,509,12.095623,8.540428,15.287817
2020-12-17,509,12.412432,8.575029,15.35974
2020-12-18,509,12.101005,8.765482,14.677903
2020-12-19,509,11.698792,8.604338,13.836142
2020-12-20,509,11.48921,8.495551,13.55431
2020-12-21,509,11.530363,8.757429,13.778278
2020-12-22,509,11.553979,9.385409,13.967747
2020-12-23,509,11.294874,9.451045,13.902911
2020-12-24,509,11.290937,9.231552,13.979803
2020-12-25,509,11.823924,9.583944,14.555087
2020-12-26,509,12.1258955,9.294493,14.974936
2020-12-27,509,12.233184,9.341166,15.112753
2020-12-28,509,12.495434,9.30498,15.40638
2020-12-29,509,12.348453,8.909508,15.338181
2020-12-30,509,12.18074,8.877304,15.181368
2020-12-31,509,12.316519,8.858347,15.25041
2021-01-01,509,12.228786,8.795268,15.065437
2021-01-02,509,12.035104,8.783335,14.636521
2021-01-03,509,11.984977,8.67357,14.332226
2021-01-04,509,12.150677,8.870064,14.267328
2021-01-05,509,11.702694,9.195192,14.052538
2021-01-06,509,11.465726,8.956907,14.133417
2021-01-07,509,11.424466,9.257515,14.291075
2021-01-08,509,11.586058,9.057003,14.740234
2021-01-09,509,11.678969,8.739679,15.003444
2021-01-10,509,11.973002,8.89573,15.381311
2021-01-11,509,12.022819,9.188158,15.49671
2021-01-12,509,12.2299,9.062052,15.669692
2021-01-13,509,12.183651,9.1179,15.64599
2021-01-14,509,12.0939,9.078224,15.361378
2021-01-15,509,11.955957,9.188385,14.975006
2021-01-16,509,12.018668,9.238314,14.646688
2021-01-17,509,12.009695,9.45108,14.21147
2021-01-18,509,12.027813,9.690905,14.326497
2021-01-19,509,11.539807,9.631119,13.684229
2021-01-20,509,11.766766,9.677201,14.130644
2021-01-21,509,11.962848,10.121561,14.343945
2021-01-22,509,12.313181,10.1604,14.732189
2021-01-23,509,12.189931,9.657137,14.84931
2021-01-24,509,12.439361,9.655485,15.169489
2021-01-25,509,12.460827,9.392666,15.23749
2021-01-26,509,12.206016,9.011091,15.099086
2021-01-27,509,12.668865,9.269625,15.582613
2021-01-28,509,12.853596,9.518886,15.942241
2021-01-29,509,12.780928,9.3024235,15.83308
2021-01-30,509,12.435914,9.134,15.401147
2021-01-31,509,12.3173685,9.250574,15.101429
2021-02-01,509,12.411401,9.245518,14.94475
2021-02-02,509,12.325406,9.668363,14.881638
2021-02-03,509,11.989309,9.491965,14.697135
2021-02-04,509,11.796429,9.521317,14.70566
2021-02-05,509,11.809071,9.1901,14.77063
2021-02-06,509,11.954049,9.000166,14.984231
2021-02-07,509,12.115046,8.959761,15.180283
2021-02-08,509,12.305219,9.00003,15.457577
2021-02-09,509,12.451234,9.051423,15.643225
2021-02-10,509,12.402378,8.940501,15.598125
2021-02-11,509,12.297865,9.1011305,15.418726
2021-02-12,509,12.29821,9.051588,15.253073
2021-02-13,509,12.273107,9.195059,15.037342
2021-02-14,509,11.915008,9.045082,14.310173
2021-02-15,509,11.853936,9.136762,14.0354805
2021-02-16,509,11.630112,9.3580475,13.920595
2021-02-17,509,11.383935,9.424033,13.858199
2021-02-18,509,11.261654,9.29142,13.637854
2021-02-19,509,11.367954,9.161217,13.568274
2021-02-20,509,11.5924635,8.990919,13.927595
2021-02-21,509,11.356594,8.500914,13.710505
2021-02-22,509,11.544743,8.567385,13.968085
2021-02-23,509,11.86215,8.749394,14.59626
2021-02-24,509,11.929189,8.639244,14.8932
2021-02-25,509,11.782839,8.566209,14.785656
2021-02-26,509,11.807126,8.683121,14.961359
2021-02-27,509,11.637344,8.494373,14.654139
2021-02-28,509,11.53705,8.619637,14.34711
2021-03-01,509,11.663666,9.040766,14.311867
2021-03-02,509,11.851208,9.46216,14.388557
2021-03-03,509,12.203335,9.627877,14.894132
2021-03-04,509,12.037012,9.365791,15.031432
2021-03-05,509,11.916461,9.063325,14.695897
2021-03-06,509,12.165639,9.082819,15.002663
2021-03-07,509,12.019047,8.8833475,14.764145
2021-03-08,509,12.090048,8.916949,14.919283
2021-03-09,509,12.053823,8.916426,14.904496
2021-03-10,509,12.180383,9.027521,15.158602
2021-03-11,509,12.060465,8.88534,14.932287
2021-03-12,509,12.022588,9.084297,14.801516
2021-03-13,509,11.956061,9.211173,14.610651
2021-03-14,509,11.919964,9.650703,14.275369
2021-03-15,509,11.948388,9.531159,14.413589
2021-03-16,509,11.723893,9.404066,14.114156
2021-03-17,509,11.679994,9.353656,14.088254
2021-03-18,509,11.847416,9.462585,14.155142
2021-03-19,509,11.854876,9.392855,14.042161
2021-03-20,509,11.839785,9.188266,14.021449
2021-03-21,509,11.704652,8.9353,13.729975
2021-03-22,509,11.670396,8.769145,13.699571
2021-03-23,509,11.589161,8.388927,13.771846
2021-03-24,509,11.617888,8.601228,13.968269
2021-03-25,509,11.986715,9.030138,14.679993
2021-03-26,509,11.822482,8.720713,14.636438
2021-03-27,509,11.615041,8.694504,14.453151
2021-03-28,509,11.602956,8.941224,14.388729
2021-03-29,509,11.7346115,9.104246,14.437946
2021-03-30,509,11.776078,8.965443,14.805529
2021-03-31,509,11.744018,8.715558,14.924358
2021-04-01,509,11.9765005,8.83426,15.015911
2021-04-02,509,12.253502,9.057477,15.231058
2021-04-03,509,12.296567,9.103359,15.153252
2021-04-04,509,12.107232,8.9202175,14.652809
2021-04-05,509,12.084476,8.999757,14.520794
2021-04-06,509,12.0560665,9.06184,14.457476
2021-04-07,509,11.963657,9.059764,14.478618
2021-04-08,509,11.755333,8.950884,14.153227
2021-04-09,509,11.760645,9.241935,14.197649
2021-04-10,509,11.695797,9.400876,14.1891575
2021-04-11,509,11.835102,9.508295,14.302641
2021-04-12,509,12.053272,9.6011715,14.624944
2021-04-13,509,12.220606,9.664314,14.921584
2021-04-14,509,12.18103,9.519153,14.93976
2021-04-15,509,12.179165,9.391157,14.764599
2021-04-16,509,12.296977,9.420729,14.70713
2021-04-17,509,12.279757,9.448409,14.654631
2021-04-18,509,11.956961,8.959785,14.09859
2021-04-19,509,12.127734,9.30281,14.107172
2021-04-20,509,12.117437,9.326998,14.03299
2021-04-21,509,12.160577,9.475568,14.169023
2021-04-22,509,12.230198,9.477951,14.420959
2021-04-23,509,12.109955,9.401191,14.445278
2021-04-24,509,12.103635,9.638892,14.520292
2021-04-25,509,12.167184,9.864709,14.882041
2021-04-26,509,12.203037,9.448263,15.199611
2021-04-27,509,12.184706,9.132487,15.495913
2021-04-28,509,12.079067,8.794015,15.553371
2021-04-29,509,12.19447,8.697342,15.602306
2021-04-30,509,12.354985,8.827099,15.617708
2021-05-01,509,12.532197,9.066628,15.482241
2021-05-02,509,12.368942,8.98454,15.160006
2021-05-03,509,12.045021,8.819591,14.449738
2021-05-04,509,11.837368,8.871508,14.070999
2021-05-05,509,11.951191,9.280958,14.493994
2021-05-06,509,12.020969,9.518806,14.601831
2021-05-07,509,11.817973,9.510628,14.57814
2021-05-08,509,11.7133045,9.606103,14.384647
2021-05-09,509,11.894883,9.427908,14.57045
2021-05-10,509,12.060995,9.442187,14.877343
2021-05-11,509,12.23217,9.396291,15.049725
2021-05-12,509,12.511955,9.529461,15.290134
2021-05-13,509,12.607871,9.55164,15.458242
2021-05-14,509,12.713395,9.671878,15.397355
2021-05-15,509,12.675928,9.569328,15.457648
2021-05-16,509,12.719278,9.670187,15.21048
2021-05-17,509,12.571486,9.632046,14.90211
2021-05-18,509,12.212055,9.274861,14.343693
2021-05-19,509,12.136501,9.344554,14.059429
2021-05-20,509,11.700116,8.8477125,13.850953
2021-05-21,509,11.619741,9.112064,14.313338
2021-05-22,509,11.749218,9.475812,14.639227
2021-05-23,509,11.879057,9.70631,15.162509
2021-05-24,509,11.958262,9.205014,15.312214
2021-05-25,509,12.09531,9.024671,15.607962
2021-05-26,509,12.20982,8.767715,15.765804
2021-05-27,509,12.36637,8.770858,15.967714
2021-05-28,509,12.553147,8.913048,16.071838
2021-05-29,509,12.619402,9.019095,15.935482
2021-05-30,509,12.527998,8.855621,15.65232
2021-05-31,509,12.433044,9.072527,15.118649
2021-06-01,509,12.549998,9.633736,14.756691
2021-06-02,509,12.396226,9.731862,14.580096
2021-06-03,509,12.204229,9.910715,14.611542
2021-06-04,509,12.163628,10.242955,14.699877
2021-06-05,509,12.165883,10.399225,14.825525
2021-06-06,509,12.346119,10.090853,15.107979
2021-06-07,509,12.474305,9.906208,15.277932
2021-06-08,509,12.440796,9.737707,15.334638
2021-06-09,509,12.336604,9.312328,15.277004
2021-06-10,509,12.202862,8.912954,15.126526
2021-06-11,509,12.223652,8.924034,15.0482855
2021-06-12,509,12.284832,8.934265,15.005231
2021-06-13,509,12.408853,9.057662,15.111298
2021-06-14,509,12.272254,9.017069,14.761896
2021-06-15,509,12.128976,8.9631,14.480559
2021-06-16,509,11.880009,8.796816,13.861038
2021-06-17,509,11.896904,8.946605,14.004799
2021-06-18,509,12.114928,9.450749,14.59996
2021-06-19,509,12.437205,10.340191,15.194351
2021-06-20,509,12.562432,10.298923,15.469963
2021-06-21,509,12.670864,9.868156,15.7903385
2021-06-22,509,12.5988655,9.47806,16.476593
2021-06-23,509,12.729834,9.287449,16.503044
2021-06-24,509,12.720588,9.043256,16.37476
2021-06-25,509,12.889936,9.069021,16.47547
2021-06-26,509,12.950798,9.093356,16.371529
2021-06-27,509,12.962892,9.155857,16.114588
2021-06-28,509,12.894633,9.217429,15.721889
2021-06-29,509,12.685643,9.214448,15.040443
2021-06-30,509,12.524128,9.383825,14.696299
2021-07-01,509,12.403001,9.880669,14.590652
2021-07-02,509,12.338592,10.322644,14.741613
2021-07-03,509,12.409397,10.44442,15.011412
2021-07-04,509,12.579829,10.24022,15.269358
2021-07-05,509,12.675066,10.00446,15.360979
2021-07-06,509,12.661046,9.78495,15.374002
2021-07-07,509,12.659798,9.583805,15.367191
2021-07-08,509,12.705559,9.446262,15.4359665
2021-07-09,509,12.615367,9.2134,15.519962
2021-07-10,509,12.838757,9.376884,15.797069
2021-07-11,509,12.916744,9.468715,15.855946
2021-07-12,509,12.899395,9.475985,15.846096
2021-07-13,509,12.830906,9.452214,15.56785
2021-07-14,509,12.783459,9.505595,15.320896
2021-07-15,509,12.572254,9.53325,14.736148
2021-07-16,509,12.359078,9.719535,14.682512
2021-07-17,509,12.337075,10.106985,14.994219
2021-07-18,509,12.377698,10.187539,15.368147
2021-07-19,509,12.512136,9.794115,15.770308
2021-07-20,509,12.620331,9.573907,16.037731
2021-07-21,509,12.673884,9.307845,16.20531
2021-07-22,509,12.722253,9.192488,16.19406
2021-07-23,509,12.720277,9.002711,16.229406
2021-07-24,509,12.736097,9.182274,16.037098
2021-07-25,509,12.801222,9.321608,15.917635
2021-07-26,509,12.80312,9.481876,15.664368
2021-07-27,509,12.493786,9.318817,15.0992565
2021-07-28,509,12.403791,9.439644,14.458338
2021-07-29,509,12.4814625,9.873863,14.7028885
2021-07-30,509,12.555369,10.393821,14.854936
2021-07-31,509,12.547754,10.708023,14.804995
2021-08-01,509,12.461578,10.255142,14.835737
2021-08-02,509,12.440214,9.964055,14.934099
2021-08-03,509,12.520399,9.687142,15.139536
2021-08-04,509,12.610752,9.6720295,15.237986
2021-08-05,509,12.537847,9.518283,15.214811
2021-08-06,509,12.412221,9.235302,15.216858
2021-08-07,509,12.515119,9.241707,15.307299
2021-08-08,509,12.665101,9.495537,15.529247
2021-08-09,509,12.668164,9.52648,15.574442
2021-08-10,509,12.599757,9.451317,15.363062
2021-08-11,509,12.591579,9.490166,15.117992
2021-08-12,509,12.595085,9.763278,14.775377
2021-08-13,509,12.460352,9.931669,14.7204485
2021-08-14,509,12.365342,10.126839,14.946304
2021-08-15,509,12.550391,10.134018,15.266458
2021-08-16,509,12.741757,9.989073,15.428064
2021-08-17,509,12.835277,9.873238,15.700891
2021-08-18,509,12.853868,9.652542,15.835997
2021-08-19,509,12.791966,9.562229,15.943053
2021-08-20,509,12.781757,9.523276,15.916436
2021-08-21,509,12.878948,9.706189,16.032593
2021-08-22,509,12.829658,9.687638,15.931483
2021-08-23,509,12.862916,9.802711,15.715128
2021-08-24,509,12.790779,9.884886,15.446449
2021-08-25,509,12.640343,9.933709,14.960136
2021-08-26,509,12.444897,9.999958,14.58848
2021-08-27,509,12.358396,10.317833,14.609041
2021-08-28,509,12.45324,10.355037,14.72337
2021-08-29,509,12.694615,10.461312,14.937251
2021-08-30,509,12.899826,10.442974,15.05379
2021-08-31,509,13.04095,10.47067,15.241723
2021-09-01,509,13.011016,10.225997,15.412157
2021-09-02,509,12.677989,9.822813,15.188366
2021-09-03,509,12.490735,9.411262,15.347142
2021-09-04,509,12.4653635,9.431035,15.312143
2021-09-05,509,12.362223,9.284503,15.396753
2021-09-06,509,12.277613,9.30954,15.302408
2021-09-07,509,12.294038,9.3732395,15.202921
2021-09-08,509,12.418769,9.638663,15.038076
2021-09-09,509,12.633052,9.942425,15.180897
2021-09-10,509,12.612577,10.021758,15.210255
2021-09-11,509,12.475033,9.950898,15.218608
2021-09-12,509,12.504668,9.655025,15.322309
2021-09-13,509,12.638738,9.630683,15.402096
2021-09-14,509,12.768225,9.481069,15.531996
2021-09-15,509,12.871808,9.589823,15.6292
2021-09-16,509,12.775586,9.664168,15.602275
2021-09-17,509,12.628338,9.5712,15.555546
2021-09-18,509,12.475994,9.530347,15.508266
2021-09-19,509,12.249703,9.384235,15.396721
2021-09-20,509,12.069234,9.28783,14.994346
2021-09-21,509,11.966299,9.293832,14.627394
2021-09-22,509,12.158875,9.676073,14.699015
2021-09-23,509,12.301547,9.879826,14.838512
2021-09-24,509,12.354658,9.90763,14.908557
2021-09-25,509,12.486398,9.910715,14.952407
2021-09-26,509,12.52192,9.882219,14.756855
2021-09-27,509,12.51231,9.917223,14.649168
2021-09-28,509,12.322964,9.752724,14.241543
2021-09-29,509,12.151919,9.4365425,14.082817
2021-09-30,509,12.040425,9.230333,14.144472
2021-10-01,509,11.985307,9.116314,14.389867
2021-10-02,509,12.0174885,9.174349,14.647195
2021-10-03,509,12.032248,9.267852,14.744562
2021-10-04,509,12.1315975,9.391397,14.812112
2021-10-05,509,12.369705,9.730106,14.9987955
2021-10-06,509,12.299144,9.710005,15.017632
2021-10-07,509,12.347596,9.509481,15.238819
2021-10-08,509,12.510441,9.282427,15.529747
2021-10-09,509,12.366276,9.101654,15.323254
2021-10-10,509,12.359538,9.004074,15.40611
2021-10-11,509,12.327068,9.107673,15.058683
2021-10-12,509,12.159794,8.8356085,14.783913
2021-10-13,509,12.173607,8.857051,14.679906
2021-10-14,509,12.007733,8.933447,14.410978
2021-10-15,509,11.760057,8.802502,14.344565
2021-10-16,509,11.859072,8.97267,14.605399
2021-10-17,509,12.230563,9.523699,14.785462
2021-10-18,509,12.226055,9.923878,14.830629
2021-10-19,509,12.085416,9.745453,14.724539
2021-10-20,509,12.241114,9.50065,14.937411
2021-10-21,509,12.2855215,9.605298,15.055552
2021-10-22,509,12.545492,9.56342,15.226723
2021-10-23,509,12.567107,9.63932,15.11796
2021-10-24,509,13.499864,9.697897,16.418604
2021-10-25,509,13.460857,10.443148,15.552303
2021-10-26,509,12.808228,10.087585,14.709368
2021-10-27,509,12.279702,9.481817,13.941303
2021-10-28,509,12.072758,9.09854,13.713748
2021-10-29,509,12.133386,9.124886,14.030784
2021-10-30,509,12.211226,9.34584,14.360258
2021-10-31,509,12.078722,9.347882,14.527129
2021-11-01,509,12.059605,9.430897,14.767759
2021-11-02,509,11.885282,9.469108,14.837563
2021-11-03,509,11.953264,9.201106,15.122631
2021-11-04,509,12.195945,9.0203495,15.4858055
2021-11-05,509,12.312936,8.844177,15.75499
2021-11-06,509,12.434994,8.7076845,15.809305
2021-11-07,509,12.342902,8.666403,15.64473
2021-11-08,509,12.401169,8.569835,15.490993
2021-11-09,509,12.613484,8.870671,15.173842
2021-11-10,509,12.122239,8.819256,14.278284
2021-11-11,509,11.778033,8.584863,13.828606
2021-11-12,509,11.6222725,8.648357,13.8168
2021-11-13,509,11.5104885,8.754715,13.960357
2021-11-14,509,11.400174,8.975692,14.034981
2021-11-15,509,11.569691,9.353678,14.357026
2021-11-16,509,11.72873,9.185666,14.631918
2021-11-17,509,11.868031,9.108017,14.698526
2021-11-18,509,11.988634,9.040499,14.814697
2021-11-19,509,12.086939,8.896975,14.886017
2021-11-20,509,12.07655,8.8443165,14.779522
2021-11-21,509,12.003694,8.664223,14.467024
2021-11-22,509,12.143601,8.893448,14.658333
2021-11-23,509,12.304319,8.959774,14.572164
2021-11-24,509,12.118395,9.034374,14.154947
2021-11-25,509,11.753412,8.811441,13.493232
2021-11-26,509,11.71989,8.63821,13.432495
2021-11-27,509,11.722146,8.935631,13.69144
2021-11-28,509,11.563002,9.019897,13.809461
2021-11-29,509,11.578248,9.169739,14.093154
2021-11-30,509,11.680629,9.469416,14.657486
2021-12-01,509,11.78803,9.12983,14.979939
2021-12-02,509,12.073459,9.016733,15.465791
2021-12-03,509,12.470746,8.9865265,16.059465
2021-12-04,509,12.613981,8.732598,16.188545
2021-12-05,509,12.489685,8.519026,15.955062
2021-12-06,509,12.431746,8.600644,15.813514
2021-12-07,509,12.511429,8.5463915,15.623325
2021-12-08,509,12.433831,8.770479,15.176096
2021-12-09,509,12.345702,8.963289,14.550853
2021-12-10,509,11.865748,8.922973,14.189558
2021-12-11,509,11.639733,8.777328,14.077617
2021-12-12,509,12.044775,9.37823,14.669656
2021-12-13,509,12.575765,10.467819,15.301054
2021-12-14,509,12.556033,10.08895,15.527142
2021-12-15,509,12.41877,9.952663,15.21846
2021-12-16,509,12.54731,9.381107,15.488682
2021-12-17,509,12.317047,8.956827,15.324095
2021-12-18,509,12.171893,8.786696,15.062508
2021-12-19,509,12.462348,9.000797,15.384607
2021-12-20,509,12.470051,8.895029,15.2523575
2021-12-21,509,12.409378,8.881062,15.112442
2021-12-22,509,12.400951,8.898357,14.795979
2021-12-23,509,12.956359,9.193174,15.272923
2021-12-24,509,12.958914,9.875217,14.759556
2021-12-25,509,12.871807,9.810056,14.726532
2021-12-26,509,12.426369,9.9513235,14.638692
2021-12-27,509,12.435746,9.996639,15.051999
2021-12-28,509,12.302036,10.109469,15.197419
2021-12-29,509,12.543186,9.722753,15.656244
2021-12-30,509,12.628583,9.5202265,15.96603
2021-12-31,509,12.83527,9.332377,16.296452
2022-01-01,509,12.714593,8.894829,16.283607
2022-01-02,509,12.631203,8.731382,16.12907
2022-01-03,509,12.901674,9.141505,16.346832
2022-01-04,509,12.823152,8.8723755,15.984667
2022-01-05,509,12.558617,8.883424,15.469614
2022-01-06,509,12.409869,8.839228,14.936205
2022-01-07,509,12.434297,8.995072,14.558485
2022-01-08,509,12.084887,9.246851,14.602055
2022-01-09,509,11.744351,9.380346,14.366152
2022-01-10,509,11.676148,9.664126,14.253067
2022-01-11,509,11.787212,9.367116,14.377606
2022-01-12,509,11.932854,9.188453,14.495432
2022-01-13,509,12.129028,9.100793,14.776207
2022-01-14,509,12.161037,9.008669,14.951481
2022-01-15,509,12.176747,8.893827,14.90971
2022-01-16,509,12.344443,8.980495,15.106951
2022-01-17,509,12.490347,9.088363,15.249162
2022-01-18,509,12.538683,9.1078415,15.283453
2022-01-19,509,12.339149,8.914776,14.998505
2022-01-20,509,12.144985,8.858552,14.655756
2022-01-21,509,12.093472,8.877888,14.271387
2022-01-22,509,12.030427,8.994122,14.107827
2022-01-23,509,11.840851,9.108239,13.966412
2022-01-24,509,11.809235,9.365427,14.111122
2022-01-25,509,11.874052,9.88356,14.462055
2022-01-26,509,11.863279,9.305384,14.820381
2022-01-27,509,12.048923,9.084375,15.07824
2022-01-28,509,12.06333,8.749388,15.157109
2022-01-29,509,12.282598,8.812434,15.532045
2022-01-30,509,12.39888,8.745853,15.767183
2022-01-31,509,12.31636,8.688215,15.658992
2022-02-01,509,12.388922,8.771355,15.692877
2022-02-02,509,12.12962,8.581601,15.056576
2022-02-03,509,12.012803,8.80468,14.823897
2022-02-04,509,11.822488,8.827834,14.125287
2022-02-05,509,11.765934,8.824596,14.018927
2022-02-06,509,11.723974,9.251764,14.184784
2022-02-07,509,11.629541,9.649844,14.106753
2022-02-08,509,11.719389,9.5007925,14.0471115
2022-02-09,509,11.81795,9.335252,14.022528
2022-02-10,509,11.989266,9.181942,14.298901
2022-02-11,509,12.153462,9.1384945,14.4928
2022-02-12,509,12.169544,8.985107,14.716274
2022-02-13,509,12.167721,8.96212,14.8765335
2022-02-14,509,12.450549,9.361807,15.253101
2022-02-15,509,12.424232,9.079306,15.262754
2022-02-16,509,12.169198,8.887802,15.069567
2022-02-17,509,11.882358,8.740194,14.687103
2022-02-18,509,11.861373,8.954672,14.499944
2022-02-19,509,11.915013,9.261118,14.375589
2022-02-20,509,12.154708,9.452482,14.483682
2022-02-21,509,12.062235,9.86174,14.714729
2022-02-22,509,12.093133,9.738416,14.864612
2022-02-23,509,11.952884,9.219089,14.836229
2022-02-24,509,11.863338,8.832142,14.610704
2022-02-25,509,11.966574,8.71054,14.779535
2022-02-26,509,11.995471,8.557091,15.00782
2022-02-27,509,11.928682,8.452803,15.024445
2022-02-28,509,11.974991,8.517478,15.189804
2022-03-01,509,12.03096,8.681318,15.2803755
2022-03-02,509,12.0996895,8.943893,15.228213
2022-03-03,509,12.220203,9.272549,15.097788
2022-03-04,509,12.376142,9.728539,14.947585
2022-03-05,509,12.171312,9.509382,14.925409
2022-03-06,509,11.831688,9.437649,14.554752
2022-03-07,509,11.730526,9.284143,14.414725
2022-03-08,509,11.814128,9.309137,14.204191
2022-03-09,509,12.1138115,9.632715,14.194426
2022-03-10,509,11.917999,9.120291,13.910163
2022-03-11,509,11.690556,8.900636,13.599729
2022-03-12,509,11.896038,9.005897,13.867626
2022-03-13,509,12.056593,9.078931,14.277779
2022-03-14,509,11.872886,8.854267,14.161972
2022-03-15,509,11.85234,8.865639,14.235447
2022-03-16,509,11.81556,8.918514,14.396276
2022-03-17,509,11.85284,9.101531,14.488316
2022-03-18,509,11.794667,9.194183,14.247389
2022-03-19,509,11.884657,9.5807,14.273083
2022-03-20,509,11.81958,9.319599,14.39315
2022-03-21,509,11.693382,8.915291,14.451345
2022-03-22,509,11.7694,8.889359,14.53496
2022-03-23,509,12.008348,9.011852,14.791738
2022-03-24,509,12.168687,9.003067,14.80665
2022-03-25,509,12.271603,9.095616,14.796265
2022-03-26,509,12.288935,9.041819,14.728959
2022-03-27,509,12.452648,9.424585,14.923299
2022-03-28,509,12.4891615,9.259477,15.103287
2022-03-29,509,12.243834,9.258822,14.885941
2022-03-30,509,11.946217,9.138226,14.483696
2022-03-31,509,11.852351,9.379705,14.313117
2022-04-01,509,11.921299,9.525814,14.396949
2022-04-02,509,11.891748,9.302342,14.497808
2022-04-03,509,11.983364,9.238486,14.557909
2022-04-04,509,12.034906,9.19365,14.716361
2022-04-05,509,11.850862,8.953493,14.428154
2022-04-06,509,11.742695,8.787153,13.987167
2022-04-07,509,11.846029,8.863503,13.916813
2022-04-08,509,12.039335,9.208629,13.947617
2022-04-09,509,11.887029,8.993119,13.685298
2022-04-10,509,11.78292,8.9692955,13.70582
2022-04-11,509,12.2119465,9.484569,14.464024
2022-04-12,509,11.678608,8.645304,13.988555
2022-04-13,509,11.556884,8.7026,13.881187
2022-04-14,509,11.758151,9.247444,14.198849
2022-04-15,509,11.772929,9.346114,14.44783
2022-04-16,509,11.933285,9.459112,14.729884
2022-04-17,509,11.817883,8.823896,14.877884
2022-04-18,509,11.991588,8.713722,15.119605
2022-04-19,509,12.173001,8.719148,15.518015
2022-04-20,509,12.32876,8.782869,15.414724
2022-04-21,509,12.55206,8.991337,15.627718
2022-04-22,509,12.348499,8.789678,15.20825
2022-04-23,509,11.942508,8.521176,14.488096
2022-04-24,509,11.7688265,8.512403,14.073902
2022-04-25,509,11.791013,8.67664,14.292161
2022-04-26,509,11.846928,9.041687,14.333597
2022-04-27,509,11.761263,9.22127,14.420832
2022-04-28,509,11.8453865,9.43235,14.660505
2022-04-29,509,11.646509,9.002884,14.649679
2022-04-30,509,11.826702,8.715334,14.696167
2022-05-01,509,12.05671,8.859639,15.059082
2022-05-02,509,12.1264305,8.9109,15.145762
2022-05-03,509,12.000114,8.648542,14.840162
2022-05-04,509,12.190375,8.852891,14.744175
2022-05-05,509,12.306023,9.115066,14.778532
2022-05-06,509,12.040634,8.85039,14.274897
2022-05-07,509,12.029562,8.935676,13.981648
2022-05-08,509,11.950052,8.966096,13.85116
2022-05-09,509,11.641233,8.790499,13.711847
2022-05-10,509,11.419086,8.698088,13.679581
2022-05-11,509,11.303941,8.689878,13.962044
2022-05-12,509,11.341187,8.907837,14.159797
2022-05-13,509,11.435622,9.018345,14.352268
2022-05-14,509,11.586887,8.688232,14.563442
2022-05-15,509,12.011929,8.741402,15.067448
2022-05-16,509,12.259663,8.756703,15.648987
2022-05-17,509,12.273583,8.543184,15.797781
2022-05-18,509,12.329279,8.491984,15.814299
2022-05-19,509,12.385793,8.540459,15.69953
2022-05-20,509,12.392872,8.6474905,15.376215
2022-05-21,509,12.292424,8.746542,14.949435
2022-05-22,509,12.096403,8.749767,14.454027
2022-05-23,509,11.925663,8.920936,14.408769
2022-05-24,509,11.860391,9.204073,14.565832
2022-05-25,509,12.017937,9.87864,15.0839205
2022-05-26,509,12.502315,10.143163,15.391125
2022-05-27,509,12.40369,9.78731,15.387976
2022-05-28,509,12.30684,9.383507,15.272585
2022-05-29,509,12.295915,9.127447,15.398909
2022-05-30,509,12.250596,8.866645,15.304012
2022-05-31,509,12.287923,8.872351,15.200241
2022-06-01,509,12.365229,9.031131,15.059208
2022-06-02,509,12.468891,9.172552,15.036936
2022-06-03,509,12.468242,9.22384,14.958561
2022-06-04,509,12.306604,9.1568,14.545422
2022-06-05,509,12.207136,9.199677,14.197973
2022-06-06,509,12.002509,9.114178,13.815002
2022-06-07,509,11.961746,9.289184,14.039506
2022-06-08,509,11.902854,9.420659,14.30455
2022-06-09,509,11.8525915,9.631522,14.465657
2022-06-10,509,11.900445,9.694434,14.8764515
2022-06-11,509,12.120302,9.361971,15.400961
2022-06-12,509,12.459673,9.346953,15.757914
2022-06-13,509,12.44568,9.069736,15.833691
2022-06-14,509,12.362575,8.701324,15.805073
2022-06-15,509,12.50131,8.694072,15.850065
2022-06-16,509,12.720768,8.862496,16.02708
2022-06-17,509,12.800173,9.076739,15.978857
2022-06-18,509,12.500181,8.909672,15.391718
2022-06-19,509,12.138881,8.731959,14.583363
2022-06-20,509,11.887608,8.794805,14.144964
2022-06-21,509,11.892068,9.246307,14.450268
2022-06-22,509,12.07081,9.955894,14.776822
2022-06-23,509,12.255897,10.029893,15.058514
2022-06-24,509,12.464404,9.822664,15.397306
2022-06-25,509,12.638409,9.722553,15.472082
2022-06-26,509,12.653608,9.531891,15.46777
2022-06-27,509,12.588307,9.35486,15.486471
2022-06-28,509,12.505333,9.222773,15.415173
2022-06-29,509,12.503595,9.206346,15.289322
2022-06-30,509,12.582644,9.283996,15.330698
2022-07-01,509,12.550284,9.29059,15.177855
2022-07-02,509,12.530254,9.257914,14.983379
2022-07-03,509,12.476086,9.417194,14.848347
2022-07-04,509,12.296245,9.318916,14.304787
2022-07-05,509,12.170744,9.362123,14.156062
2022-07-06,509,12.160284,9.650549,14.397479
2022-07-07,509,12.082745,9.956767,14.566816
2022-07-08,509,12.135428,10.02983,14.924452
2022-07-09,509,12.260639,9.617105,15.296822
2022-07-10,509,12.356285,9.308935,15.653891
2022-07-11,509,12.642964,9.168474,16.254173
2022-07-12,509,12.908143,9.249563,16.261913
2022-07-13,509,12.85373,9.246129,16.438526
2022-07-14,509,12.726752,9.090119,16.242292
2022-07-15,509,12.627082,8.983994,15.946361
2022-07-16,509,12.574348,8.984656,15.5939
2022-07-17,509,12.613404,9.223457,15.216397
2022-07-18,509,12.50309,9.3976145,14.734755
2022-07-19,509,12.305093,9.559124,14.708317
2022-07-20,509,12.240258,10.042947,14.766011
2022-07-21,509,12.285162,10.084318,14.901028
2022-07-22,509,12.328722,9.886652,15.000082
2022-07-23,509,12.4618225,9.575374,15.281547
2022-07-24,509,12.70634,9.687038,15.457987
2022-07-25,509,12.770157,9.660988,15.532382
2022-07-26,509,12.743145,9.490999,15.534538
2022-07-27,509,12.679116,9.44265,15.505766
2022-07-28,509,12.661421,9.447351,15.471413
2022-07-29,509,12.635448,9.484395,15.37249
2022-07-30,509,12.622358,9.606461,15.276978
2022-07-31,509,12.437706,9.462537,14.987291
2022-08-01,509,12.221598,9.316527,14.572134
2022-08-02,509,12.122429,9.364653,14.14877
2022-08-03,509,12.271587,9.704575,14.69055
2022-08-04,509,12.423735,10.192663,15.121504
2022-08-05,509,12.530871,10.251466,15.325148
2022-08-06,509,12.498506,9.813509,15.490571
2022-08-07,509,12.566908,9.393143,15.764597
2022-08-08,509,12.602608,9.180133,16.010113
2022-08-09,509,12.582699,9.031006,16.213556
2022-08-10,509,12.486491,8.850213,16.135605
2022-08-11,509,12.43485,8.783722,16.199574
2022-08-12,509,12.419265,8.833496,16.113422
2022-08-13,509,12.312519,8.795801,15.788062
2022-08-14,509,12.296133,8.931654,15.357495
2022-08-15,509,12.322187,9.164866,14.911216
2022-08-16,509,12.326482,9.568659,15.0108
2022-08-17,509,12.444954,10.178631,15.144741
2022-08-18,509,12.482594,10.080885,15.095579
2022-08-19,509,12.576679,10.0352955,15.097265
2022-08-20,509,12.686697,9.83801,15.202393
2022-08-21,509,12.814888,9.838157,15.3316345
2022-08-22,509,12.581596,9.604954,15.202359
2022-08-23,509,12.498661,9.265876,15.476139
2022-08-24,509,12.636155,9.313052,15.5857315
2022-08-25,509,12.594495,9.447148,15.610141
2022-08-26,509,12.487179,9.266891,15.513805
2022-08-27,509,12.623227,9.5850725,15.43944
2022-08-28,509,12.673114,9.779033,15.457185
2022-08-29,509,12.584676,9.813257,15.185172
2022-08-30,509,12.511381,9.791383,14.946709
2022-08-31,509,12.421116,9.97823,15.031872
2022-09-01,509,12.401366,10.032882,15.0502615
2022-09-02,509,12.52024,9.887354,15.210884
2022-09-03,509,12.4548435,9.710094,15.163212
2022-09-04,509,12.485228,9.355178,15.322055
2022-09-05,509,12.650851,9.278479,15.687773
2022-09-06,509,12.762555,9.389812,15.894905
2022-09-07,509,12.655167,9.37906,15.888654
2022-09-08,509,12.574835,9.313969,15.825705
2022-09-09,509,12.796088,9.558888,16.023422
2022-09-10,509,12.783114,9.837069,15.997665
2022-09-11,509,12.507236,9.656989,15.475642
2022-09-12,509,12.54443,9.899043,15.180275
2022-09-13,509,12.660834,10.148888,15.347528
2022-09-14,509,12.631393,10.150266,15.200693
2022-09-15,509,12.46932,9.934759,14.949926
2022-09-16,509,12.449796,9.795035,14.796158
2022-09-17,509,12.6020775,9.826923,14.836219
2022-09-18,509,12.8452,10.014608,14.876971
2022-09-19,509,12.671131,9.914168,14.851061
2022-09-20,509,12.493579,9.69166,14.827372
2022-09-21,509,12.431305,9.655615,14.847475
2022-09-22,509,12.20388,9.493822,14.763919
2022-09-23,509,12.080524,9.345259,14.777849
2022-09-24,509,12.1044,9.386555,14.78447
2022-09-25,509,12.271315,9.645754,14.824754
2022-09-26,509,12.399443,9.963638,14.968024
2022-09-27,509,12.410145,9.824934,15.069332
2022-09-28,509,12.310548,9.456659,15.036255
2022-09-29,509,12.195713,9.300532,14.967175
2022-09-30,509,12.36861,9.194019,15.2056
2022-10-01,509,12.793543,9.469974,15.575296
2022-10-02,509,12.817749,9.701208,15.349153
2022-10-03,509,12.65383,9.450012,15.154736
2022-10-04,509,12.488958,9.379261,15.119244
2022-10-05,509,12.218959,9.168596,14.980593
2022-10-06,509,12.078758,9.098672,14.957054
2022-10-07,509,12.084446,9.208736,14.940636
2022-10-08,509,12.246586,9.506748,14.95603
2022-10-09,509,12.396053,9.849604,15.244397
2022-10-10,509,12.436085,9.689353,15.324303
2022-10-11,509,12.544647,9.663911,15.450647
2022-10-12,509,12.605779,9.578396,15.448763
2022-10-13,509,12.613099,9.600157,15.259022
2022-10-14,509,12.669613,9.479277,15.202779
2022-10-15,509,12.888046,9.793965,15.167059
2022-10-16,509,12.676146,10.010951,14.423143
2022-10-17,509,12.257353,9.484876,13.969334
2022-10-18,509,12.066552,9.321683,13.833507
2022-10-19,509,12.002272,9.247107,14.06959
2022-10-20,509,12.09325,9.418848,14.352717
2022-10-21,509,12.256321,9.691588,14.659229
2022-10-22,509,12.368267,10.096163,14.797888
2022-10-23,509,11.962274,9.604404,14.596579
2022-10-24,509,11.808653,9.173417,14.6971245
2022-10-25,509,11.958895,9.056632,15.0151005
2022-10-26,509,12.098936,8.85737,15.276126
2022-10-27,509,12.167687,8.775039,15.338181
2022-10-28,509,12.311811,8.886166,15.442955
2022-10-29,509,12.3152,8.7564125,15.272867
2022-10-30,509,12.322422,8.7946205,15.094347
2022-10-31,509,12.342634,8.904175,14.892091
2022-11-01,509,12.513546,9.124215,14.7697525
2022-11-02,509,12.196887,9.317205,14.338184
2022-11-03,509,11.734753,8.994024,14.203356
2022-11-04,509,11.485394,8.847042,14.2431
2022-11-05,509,11.634319,9.145594,14.568013
2022-11-06,509,12.020987,9.503521,15.01875
2022-11-07,509,12.288342,9.401458,15.262995
2022-11-08,509,12.619457,9.608443,15.78059
2022-11-09,509,12.4917965,8.979853,15.420047
2022-11-10,509,12.139435,8.741861,14.994482
2022-11-11,509,12.181152,8.896393,14.882479
2022-11-12,509,12.316572,8.886605,14.81155
2022-11-13,509,12.156662,9.056435,14.304489
2022-11-14,509,11.924869,8.900557,13.730059
2022-11-15,509,11.772113,8.785305,13.4445
2022-11-16,509,11.542274,8.798153,13.4002
2022-11-17,509,11.447722,8.793202,13.525867
2022-11-18,509,11.54345,9.055155,13.948648
2022-11-19,509,11.42998,9.306695,14.035927
2022-11-20,509,11.4365635,9.234604,14.305635
2022-11-21,509,11.611095,8.988346,14.630651
2022-11-22,509,11.8708515,8.851062,15.121311
2022-11-23,509,12.086555,8.753379,15.45714
2022-11-24,509,12.204802,8.562729,15.562269
2022-11-25,509,12.335273,8.562902,15.659528
2022-11-26,509,12.483888,8.747913,15.729347
2022-11-27,509,12.496235,8.684727,15.521736
2022-11-28,509,12.568768,8.852259,15.423463
2022-11-29,509,12.234657,9.089721,14.533207
2022-11-30,509,11.948472,8.876888,14.061014
2022-12-01,509,12.120465,9.145447,14.895147
2022-12-02,509,11.715413,9.404135,14.471214
2022-12-03,509,11.838302,9.605608,14.780142
2022-12-04,509,12.207325,9.613659,15.280251
2022-12-05,509,12.365879,9.432613,15.479413
2022-12-06,509,12.398634,9.163605,15.516407
2022-12-07,509,12.371738,8.984687,15.466719
2022-12-08,509,12.385432,9.127896,15.412981
2022-12-09,509,12.473905,9.053674,15.351192
2022-12-10,509,13.176098,9.601666,16.136745
2022-12-11,509,13.187016,9.9588375,15.600479
2022-12-12,509,12.674228,9.5889225,14.906228
2022-12-13,509,12.366678,9.357874,14.353285
2022-12-14,509,11.97846,9.117629,13.806143
2022-12-15,509,11.710178,8.9416275,13.718267
2022-12-16,509,11.556877,9.211535,13.792959
2022-12-17,509,11.614101,9.417232,14.204954
2022-12-18,509,11.743404,9.610598,14.656525
2022-12-19,509,11.569723,8.936772,14.619738
2022-12-20,509,11.759608,8.740345,15.013983
2022-12-21,509,11.986454,8.566337,15.443521
2022-12-22,509,12.179725,8.510667,15.678964
2022-12-23,509,12.406758,8.505716,15.971146
2022-12-24,509,12.34533,8.358161,15.803444
2022-12-25,509,12.240556,8.430115,15.547276
2022-12-26,509,12.2711525,8.395528,15.367418
2022-12-27,509,12.816802,8.776257,15.485462
2022-12-28,509,12.523991,9.398388,14.828449
2022-12-29,509,12.267088,9.340357,14.778637
2022-12-30,509,12.456029,9.75848,15.122016
2022-12-31,509,12.844395,10.641455,15.705816
2023-01-01,509,12.882307,10.27491,15.821217
2023-01-02,509,12.941377,10.03992,16.033329
2023-01-03,509,13.006015,9.779458,15.912836
2023-01-04,509,13.415822,10.33563,16.24424
2023-01-05,509,14.260311,10.710305,17.069862
2023-01-06,509,13.407491,9.73116,16.049511
2023-01-07,509,13.473835,10.233911,16.05805
2023-01-08,509,13.712246,10.1838255,16.019049
2023-01-09,509,13.981582,10.589279,16.129213
2023-01-10,509,14.136868,10.696693,16.060396
2023-01-11,509,13.481759,10.774649,15.217125
2023-01-12,509,13.341435,10.780178,14.999029
2023-01-13,509,13.427078,11.067846,15.243186
2023-01-14,509,13.682914,11.240455,15.695348
2023-01-15,509,13.5763,11.997259,15.811448
2023-01-16,509,13.805029,11.784912,16.382292
2023-01-17,509,13.543255,10.726321,16.195961
2023-01-18,509,13.421389,10.206692,16.206419
2023-01-19,509,13.501399,9.81127,16.598898
2023-01-20,509,13.352697,9.381914,16.753418
2023-01-21,509,13.245517,9.25063,16.66718
2023-01-22,509,13.202019,9.162486,16.701923
2023-01-23,509,13.066335,9.18548,16.314472
2023-01-24,509,12.743573,9.16376,15.637658
2023-01-25,509,12.54601,9.150149,15.0640955
2023-01-26,509,12.279234,9.244368,14.99823
2023-01-27,509,12.24603,9.544708,14.982037
2023-01-28,509,12.37514,10.219895,15.011723
2023-01-29,509,12.52398,10.00601,15.078636
2023-01-30,509,12.359253,9.524286,14.771557
2023-01-31,509,12.310484,9.13159,14.770184
2023-02-01,509,12.281889,8.841534,14.754855
2023-02-02,509,12.257533,8.737932,14.825303
2023-02-03,509,12.506004,8.949879,15.201769
2023-02-04,509,12.542659,9.384774,15.14889
2023-02-05,509,12.700083,9.243052,15.484499
2023-02-06,509,12.1335535,8.769846,14.80636
2023-02-07,509,11.950989,8.72429,14.385927
2023-02-08,509,11.848498,8.8491535,14.07144
2023-02-09,509,11.813449,9.123406,13.927441
2023-02-10,509,11.940218,9.233373,14.109364
2023-02-11,509,12.012378,9.846188,14.467106
2023-02-12,509,12.058766,10.0092945,14.438379
2023-02-13,509,12.274838,9.871304,14.740287
2023-02-14,509,12.024694,9.023645,14.6075945
2023-02-15,509,11.950582,8.622161,14.619663
2023-02-16,509,12.044872,8.440766,14.914008
2023-02-17,509,12.222085,8.514618,15.361408
2023-02-18,509,12.378408,8.658923,15.746283
2023-02-19,509,12.430103,8.785137,15.808899
2023-02-20,509,12.2780285,8.752561,15.508361
2023-02-21,509,12.546993,9.399284,15.633481
2023-02-22,509,12.487054,9.384649,15.098685
2023-02-23,509,12.272045,9.725222,14.953322
2023-02-24,509,12.503736,10.153275,15.375438
2023-02-25,509,12.241611,9.729815,15.126924
2023-02-26,509,12.265452,9.64249,14.758103
2023-02-27,509,12.397553,9.720289,14.605404
2023-02-28,509,12.470429,9.6585455,14.570404
2023-03-01,509,12.435764,9.159613,14.627464
2023-03-02,509,12.081523,8.797536,14.330681
2023-03-03,509,12.006289,8.794118,14.285638
2023-03-04,509,12.409948,9.248137,15.05652
2023-03-05,509,12.514777,9.220039,15.025547
2023-03-06,509,12.235716,9.150028,14.795538
2023-03-07,509,12.136897,9.289505,14.629976
2023-03-08,509,12.201926,9.430444,14.497301
2023-03-09,509,12.192291,9.813392,14.302076
2023-03-10,509,12.943913,10.739939,15.658779
2023-03-11,509,12.766338,10.2276535,15.24217
2023-03-12,509,12.839768,10.271386,15.116345
2023-03-13,509,12.909142,10.198321,15.221414
2023-03-14,509,13.484219,11.52294,15.336857
2023-03-15,509,13.166226,10.261484,15.39544
2023-03-16,509,13.131807,9.904298,15.401361
2023-03-17,509,13.1995535,9.766365,15.660471
2023-03-18,509,13.292886,9.832729,15.983631
2023-03-19,509,13.837319,10.581935,16.89738
2023-03-20,509,13.808865,10.596535,16.841625
2023-03-21,509,13.909966,11.390654,16.526155
2023-03-22,509,13.9456625,11.225414,16.90826
2023-03-23,509,13.5779085,10.927105,16.64754
2023-03-24,509,13.069903,10.20752,16.190384
2023-03-25,509,12.699653,9.759416,15.469114
2023-03-26,509,12.490202,9.588006,14.931111
2023-03-27,509,12.49963,9.810723,14.511132
2023-03-28,509,13.026234,10.447044,14.759069
2023-03-29,509,12.9631195,10.407825,14.705048
2023-03-30,509,12.775876,10.242358,14.43281
2023-03-31,509,12.536985,9.854589,14.210636
2023-04-01,509,12.477187,9.814978,14.322844
2023-04-02,509,12.649014,10.053101,14.554634
2023-04-03,509,12.5827875,9.859039,14.837682
2023-04-04,509,12.250577,9.830399,14.636286
2023-04-05,509,12.172367,9.903303,14.5553875
2023-04-06,509,12.288459,9.660736,14.761935
2023-04-07,509,12.536669,9.708139,15.1629095
2023-04-08,509,12.592214,9.445804,15.397295
2023-04-09,509,12.537106,9.235747,15.288893
2023-04-10,509,12.687538,9.310718,15.258678
2023-04-11,509,12.816819,9.385077,15.291307
2023-04-12,509,12.703244,9.321514,15.048586
2023-04-13,509,12.589162,9.29174,14.68527
2023-04-14,509,12.599791,9.21278,14.711056
2023-04-15,509,12.441983,9.031892,14.775017
2023-04-16,509,12.503582,9.303008,15.1634865
2023-04-17,509,12.743145,9.87187,15.552535
2023-04-18,509,12.708015,10.022987,15.842232
2023-04-19,509,12.546864,9.630682,15.742481
2023-04-20,509,12.45576,9.198806,15.617413
2023-04-21,509,12.514979,9.049656,15.578719
2023-04-22,509,12.715747,9.117628,15.541302
2023-04-23,509,12.932189,9.437147,15.580305
2023-04-24,509,12.823246,9.376674,15.341867
2023-04-25,509,12.660672,9.493342,14.766483
2023-04-26,509,12.5328865,9.595543,14.489415
2023-04-27,509,12.49704,9.739241,14.117539
2023-04-28,509,12.535065,9.95679,14.137482
2023-04-29,509,12.571199,10.1695175,14.489351
2023-04-30,509,12.663396,10.493519,14.883476
2023-05-01,509,12.706658,10.416914,15.047091
2023-05-02,509,12.690168,10.663828,15.091667
2023-05-03,509,12.712885,10.293989,15.233877
2023-05-04,509,12.843258,9.895053,15.47007
2023-05-05,509,12.875659,9.548172,15.807966
2023-05-06,509,12.937945,9.4247875,15.9465885
2023-05-07,509,12.945359,9.224697,16.066113
2023-05-08,509,13.017821,9.262713,15.984747
2023-05-09,509,13.114067,9.254869,15.891941
2023-05-10,509,13.087937,9.297954,15.72031
2023-05-11,509,12.887161,9.229109,15.244402
2023-05-12,509,12.724889,9.271027,14.756304
2023-05-13,509,12.612436,9.402712,14.994745
2023-05-14,509,12.939899,10.2931,15.659567
2023-05-15,509,12.933554,10.379004,15.80887
2023-05-16,509,12.866265,10.218878,16.000221
2023-05-17,509,13.069094,9.975391,16.109947
2023-05-18,509,13.229725,9.893583,16.328846
2023-05-19,509,13.240585,9.705985,16.35947
2023-05-20,509,13.197667,9.466498,16.191671
2023-05-21,509,13.199536,9.401387,16.050293
2023-05-22,509,13.264558,9.519705,15.779388
2023-05-23,509,13.401891,9.903417,15.710028
2023-05-24,509,13.264594,9.890816,15.494418
2023-05-25,509,13.2251215,10.198301,15.001238
2023-05-26,509,13.029253,10.288929,14.680266
2023-05-27,509,12.856429,10.4874115,14.467586
2023-05-28,509,12.805829,10.762903,14.745153
2023-05-29,509,12.910534,11.015636,15.190924
2023-05-30,509,12.921542,11.082713,15.304937
2023-05-31,509,12.95672,10.485949,15.630606
2023-06-01,509,13.032024,10.04327,16.010279
2023-06-02,509,13.068723,9.713462,16.031834
2023-06-03,509,13.125277,9.439472,16.18014
2023-06-04,509,13.306654,9.365885,16.360918
2023-06-05,509,13.685339,9.715168,16.757027
2023-06-06,509,13.766224,9.876353,16.97426
2023-06-07,509,13.52907,9.58313,16.584177
2023-06-08,509,13.228622,9.327898,15.935131
2023-06-09,509,13.057417,9.405347,15.324425
2023-06-10,509,12.980669,9.685002,15.429874
2023-06-11,509,13.00141,10.348858,15.7001915
2023-06-12,509,12.907253,10.625956,15.792089
2023-06-13,509,12.844925,10.316557,15.832748
2023-06-14,509,12.973911,9.894768,16.08833
2023-06-15,509,13.18262,9.863091,16.169544
2023-06-16,509,13.263703,9.772464,16.204687
2023-06-17,509,13.2037115,9.546274,16.13252
2023-06-18,509,13.265553,9.464884,16.132856
2023-06-19,509,13.089108,9.440673,16.070215
2023-06-20,509,12.658572,8.943838,15.390495
2023-06-21,509,12.530923,8.924141,14.853516
2023-06-22,509,12.702543,9.368787,14.781005
2023-06-23,509,12.485808,9.290684,14.466598
2023-06-24,509,12.27167,9.413013,14.163988
2023-06-25,509,12.081102,9.633602,14.113509
2023-06-26,509,12.087671,10.160254,14.381142
2023-06-27,509,12.25887,10.652617,14.893717
2023-06-28,509,12.445197,10.135089,15.299505
2023-06-29,509,12.6338,9.805446,15.70599
2023-06-30,509,12.75644,9.450727,16.029016
2023-07-01,509,12.849617,9.26779,16.181698
2023-07-02,509,12.972181,9.160671,16.242615
2023-07-03,509,13.144729,9.274252,16.58033
2023-07-04,509,13.158847,9.288054,16.654285
2023-07-05,509,13.115761,9.271291,16.580826
2023-07-06,509,13.012455,9.197515,16.134075
2023-07-07,509,12.863611,9.275026,15.59157
2023-07-08,509,12.639118,9.3253,14.949358
2023-07-09,509,12.453785,9.520058,15.028204
2023-07-10,509,12.240365,10.055819,15.122809
2023-07-11,509,12.363212,9.916475,15.3258915
2023-07-12,509,12.613058,9.7179785,15.604799
2023-07-13,509,12.690647,9.543495,15.695239
2023-07-14,509,12.769507,9.405415,15.739075
2023-07-15,509,12.793873,9.367262,15.730288
2023-07-16,509,12.845372,9.264866,15.683022
2023-07-17,509,13.004797,9.478065,15.902176
2023-07-18,509,12.97758,9.587824,15.826759
2023-07-19,509,12.84764,9.447926,15.58073
2023-07-20,509,12.74094,9.357509,15.319138
2023-07-21,509,12.675404,9.500967,14.880371
2023-07-22,509,12.632532,9.677269,14.593673
2023-07-23,509,12.621903,10.026866,14.734222
2023-07-24,509,12.446888,10.281974,14.644434
2023-07-25,509,12.307293,10.653787,14.642235
2023-07-26,509,12.498521,10.361224,15.054899
2023-07-27,509,12.705651,10.084592,15.518669
2023-07-28,509,12.769833,9.806882,15.692484
2023-07-29,509,12.831051,9.484209,15.983654
2023-07-30,509,12.811042,9.113382,16.267006
2023-07-31,509,12.803875,9.035692,16.258318
2023-08-01,509,12.895298,9.178731,16.393108
2023-08-02,509,12.832157,9.1643915,16.322971
2023-08-03,509,12.709702,9.139158,16.06088
2023-08-04,509,12.6387825,9.17398,15.536056
2023-08-05,509,12.5643015,9.274672,15.0363655
2023-08-06,509,12.412125,9.563966,15.060597
2023-08-07,509,12.446064,10.155354,15.276031
2023-08-08,509,12.856841,10.243879,15.590465
2023-08-09,509,12.96021,10.220455,15.606598
2023-08-10,509,12.998579,9.958323,15.654333
2023-08-11,509,12.942254,9.813081,15.55611
2023-08-12,509,12.827862,9.579934,15.559658
2023-08-13,509,12.8289585,9.487388,15.598688
2023-08-14,509,12.8433485,9.589503,15.654793
2023-08-15,509,12.86037,9.609993,15.91374
2023-08-16,509,12.850674,9.631501,15.772598
2023-08-17,509,12.934902,9.792289,15.6769905
2023-08-18,509,13.010977,10.1709175,15.628545
2023-08-19,509,12.988209,10.224493,15.287807
2023-08-20,509,12.820826,10.303517,15.052071
2023-08-21,509,12.797813,10.659695,15.079666
2023-08-22,509,12.551959,10.595159,14.961159
2023-08-23,509,12.619768,10.430138,15.10339
2023-08-24,509,13.024485,10.153121,15.66493
2023-08-25,509,13.133213,10.188679,15.77375
2023-08-26,509,13.018883,9.8277645,15.839181
2023-08-27,509,12.823049,9.474276,15.92128
2023-08-28,509,12.653273,9.221517,16.057125
2023-08-29,509,12.533268,9.083774,16.022934
2023-08-30,509,12.499404,9.042927,16.01941
2023-08-31,509,12.730029,9.333076,16.043245
2023-09-01,509,12.944263,9.832913,16.112999
2023-09-02,509,12.736694,9.80555,15.5185375
2023-09-03,509,12.655814,10.032397,15.572903
2023-09-04,509,12.698609,9.9145565,15.642513
2023-09-05,509,12.796079,10.058709,15.538002
2023-09-06,509,12.9768715,10.004351,15.572245
2023-09-07,509,12.939623,9.988161,15.2551365
2023-09-08,509,12.764861,9.720379,15.125067
2023-09-09,509,12.621233,9.491426,15.093786
2023-09-10,509,12.61624,9.571392,15.188992
2023-09-11,509,12.54983,9.526893,15.369001
2023-09-12,509,12.564647,9.656549,15.356478
2023-09-13,509,12.547494,9.902337,15.164579
2023-09-14,509,12.628093,9.961479,15.28208
2023-09-15,509,12.627068,10.046011,15.251475
2023-09-16,509,12.605879,10.178201,15.098255
2023-09-17,509,12.690618,10.283627,15.244798
2023-09-18,509,12.717227,10.089883,15.266443
2023-09-19,509,12.769332,10.142263,15.329978
2023-09-20,509,12.99296,10.116621,15.558771
2023-09-21,509,13.164453,10.371775,15.571955
2023-09-22,509,13.032184,10.082251,15.280872
2023-09-23,509,12.910897,9.726894,15.2735195
2023-09-24,509,12.819514,9.563965,15.485517
2023-09-25,509,12.603351,9.341787,15.546464
2023-09-26,509,12.357018,9.19008,15.488916
2023-09-27,509,12.294888,9.116583,15.460591
2023-09-28,509,12.314946,9.297613,15.512244
2023-09-29,509,12.412304,9.483944,15.493847
2023-09-30,509,12.610592,9.602879,15.703932
2023-10-01,509,12.74283,9.504793,15.8897
2023-10-02,509,12.826335,9.624235,15.863018
2023-10-03,509,12.828983,9.531449,15.638071
2023-10-04,509,12.738054,9.494797,15.280697
2023-10-05,509,12.604603,9.476821,14.760532
2023-10-06,509,12.533922,9.380161,14.5667515
2023-10-07,509,12.500246,9.519812,14.4799385
2023-10-08,509,12.60433,9.632479,14.817698
2023-10-09,509,12.638965,9.823299,14.922841
2023-10-10,509,12.658332,9.987423,14.999672
2023-10-11,509,12.539301,10.101567,14.908922
2023-10-12,509,12.339977,9.908874,14.847011
2023-10-13,509,12.360434,10.056881,15.0403595
2023-10-14,509,12.439037,9.780306,15.172365
2023-10-15,509,12.453634,9.653956,15.256041
2023-10-16,509,12.637434,9.578604,15.500562
2023-10-17,509,12.735481,9.497182,15.527894
2023-10-18,509,12.759895,9.544303,15.348546
2023-10-19,509,12.816982,9.424925,15.325441
2023-10-20,509,13.177203,9.589922,15.576261
2023-10-21,509,13.135822,9.932484,15.296297
2023-10-22,509,13.007328,9.773742,15.155029
2023-10-23,509,12.745834,9.63031,15.016043
2023-10-24,509,12.555654,9.493964,14.984866
2023-10-25,509,12.386614,9.644539,14.881096
2023-10-26,509,12.149064,9.623702,14.986305
2023-10-27,509,12.074291,9.310767,15.196241
2023-10-28,509,12.156552,9.0221405,15.375719
2023-10-29,509,12.249123,8.80311,15.463848
2023-10-30,509,12.366144,8.85677,15.439001
2023-10-31,509,12.542753,8.955083,15.367567
2023-11-01,509,12.592846,8.948017,15.177557
2023-11-02,509,12.5658245,9.051262,14.8649435
2023-11-03,509,12.428079,9.099861,14.410596
2023-11-04,509,12.387447,9.261147,14.128088
2023-11-05,509,12.342953,9.451929,14.10388
2023-11-06,509,12.331257,9.757463,14.572686
2023-11-07,509,12.013194,9.555803,14.429819
2023-11-08,509,11.728871,9.376565,14.398356
2023-11-09,509,11.731669,9.554607,14.533942
2023-11-10,509,11.878966,9.432493,14.801857
2023-11-11,509,12.003462,9.158181,15.015186
2023-11-12,509,12.270336,9.192433,15.383739
2023-11-13,509,12.572304,9.167192,15.767242
2023-11-14,509,12.754699,9.064182,15.910641
2023-11-15,509,12.836886,9.198884,15.967212
2023-11-16,509,12.953258,9.202412,15.934791
2023-11-17,509,12.969282,9.138553,15.739471
2023-11-18,509,13.202489,9.316601,15.784511
2023-11-19,509,12.51926,9.464154,14.697062
2023-11-20,509,11.98346,8.684983,14.193047
2023-11-21,509,11.716259,8.660308,14.247482
2023-11-22,509,11.819499,9.012728,14.5515175
2023-11-23,509,12.156532,9.750909,15.156311
2023-11-24,509,12.255925,9.479913,15.42379
2023-11-25,509,12.274773,9.092048,15.565589
2023-11-26,509,12.455807,9.021251,15.74674
2023-11-27,509,12.653658,8.979937,15.965797
2023-11-28,509,12.734559,9.020976,15.911377
2023-11-29,509,12.856316,9.161442,15.88397
2023-11-30,509,12.929084,9.199188,15.692583
2023-12-01,509,12.66813,9.352665,15.060447
2023-12-02,509,12.373634,9.184808,14.474625
2023-12-03,509,12.116882,9.085528,13.953327
2023-12-04,509,11.948623,9.080305,13.940842
2023-12-05,509,11.840694,9.309451,14.021141
2023-12-06,509,12.156239,9.774794,14.562199
2023-12-07,509,12.091937,10.207943,14.678324
2023-12-08,509,11.924374,9.564355,14.754915
2023-12-09,509,11.887464,9.081639,14.913806
2023-12-10,509,11.969933,8.882689,15.102291
2023-12-11,509,12.35832,9.020699,15.590136
2023-12-12,509,12.707898,9.030003,16.051989
2023-12-13,509,12.728686,8.871382,16.035404
2023-12-14,509,12.716319,8.767939,15.934532
2023-12-15,509,12.691963,8.919737,15.790075
2023-12-16,509,12.7091,8.874973,15.662638
2023-12-17,509,12.618248,9.068407,15.2082405
2023-12-18,509,12.586834,9.089591,15.024262
2023-12-19,509,12.816364,9.846245,15.257974
2023-12-20,509,12.789125,10.2565975,15.63457
2023-12-21,509,12.541515,10.275503,15.613843
2023-12-22,509,12.6750145,10.01872,15.918577
2023-12-23,509,12.667108,9.563316,15.956259
2023-12-24,509,12.663513,9.233205,16.009325
2023-12-25,509,12.725013,9.1180315,15.988215
2023-12-26,509,12.808758,9.13004,15.976154
2023-12-27,509,13.156607,9.554766,16.322628
2023-12-28,509,13.064259,9.385623,15.969841
2023-12-29,509,13.1564455,9.59016,16.05764
2023-12-30,509,13.02267,9.688267,15.479763
2023-12-31,509,12.699625,9.585373,14.8466
2024-01-01,509,9.698233,9.698233,9.698233
